{
	"__comment": "Designed with BDcraft Cubik Virtuoso - http://BDcraft.net/cubik",
	"parent": "block/block",
	"textures": {
		"particle": "block/technology/repeater",
		"texture": "block/technology/repeater",
		"texture2": "block/technology/redstone",
		"texture3": "block/technology/comparator",
		"texture4": "block/technology/daylight_detector_01",
		"texture5": "block/technology/daylight_detector_02",
		"texture6": "block/technology/daylight_detector_03",
		"texture7": "block/technology/daylight_detector_04"
	},
	"elements": [
		{
			"__comment": "Cube",
			"from": [ 6, 0, 3 ],
			"to": [ 10, 4, 13 ],
			"faces": {
				"up": { "uv": [ 6, 4, 16, 0 ], "texture": "#texture4", "rotation": 90 },
				"north": { "uv": [ 0, 10, 4, 14 ], "texture": "#texture4" },
				"south": { "uv": [ 4, 4, 8, 8 ], "texture": "#texture" },
				"west": { "uv": [ 0, 12, 8, 16 ], "texture": "#texture2" },
				"east": { "uv": [ 0, 12, 8, 16 ], "texture": "#texture2" }
			}
		},
		{
			"__comment": "Cube",
			"from": [ 10, 0, 8 ],
			"to": [ 14, 2, 12 ],
			"faces": {
				"up": { "uv": [ 0, 0, 4, 4 ], "texture": "#texture4", "rotation": 90 },
				"south": { "uv": [ 0, 0, 4, 2 ], "texture": "#texture" },
				"east": { "uv": [ 6, 2, 10, 4 ], "texture": "#texture3" }
			}
		},
		{
			"__comment": "Cube",
			"from": [ 11, 2, 5 ],
			"to": [ 13, 3, 7 ],
			"faces": {
				"up": { "uv": [ 2, 6, 4, 8 ], "texture": "#texture" },
				"north": { "uv": [ 2, 6, 4, 7 ], "texture": "#texture" },
				"south": { "uv": [ 2, 6, 4, 7 ], "texture": "#texture" },
				"west": { "uv": [ 2, 6, 4, 7 ], "texture": "#texture" },
				"east": { "uv": [ 2, 6, 4, 7 ], "texture": "#texture" }
			}
		},
		{
			"__comment": "Cube",
			"from": [ 10, 0, 4 ],
			"to": [ 14, 2, 8 ],
			"faces": {
				"up": { "uv": [ 0, 2, 4, 6 ], "texture": "#texture" },
				"north": { "uv": [ 0, 0, 4, 2 ], "texture": "#texture" },
				"east": { "uv": [ 0, 0, 4, 2 ], "texture": "#texture" }
			}
		},
		{
			"__comment": "Cube",
			"from": [ 14, 0, 5 ],
			"to": [ 16, 2, 11 ],
			"faces": {
				"up": { "uv": [ 0, 6, 6, 4 ], "texture": "#texture3", "rotation": 90 },
				"north": { "uv": [ 6, 6, 8, 8 ], "texture": "#texture3" },
				"south": { "uv": [ 6, 4, 8, 6 ], "texture": "#texture3" },
				"west": { "uv": [ 0, 4, 6, 6 ], "texture": "#texture3" },
				"east": { "uv": [ 0, 6, 6, 8 ], "texture": "#texture3" }
			}
		},
		{
			"__comment": "Cube",
			"from": [ 4, 0, 5 ],
			"to": [ 6, 2, 11 ],
			"faces": {
				"up": { "uv": [ 0, 6, 6, 4 ], "texture": "#texture3", "rotation": 90 },
				"north": { "uv": [ 6, 6, 8, 8 ], "texture": "#texture3" },
				"south": { "uv": [ 6, 6, 8, 8 ], "texture": "#texture3" },
				"west": { "uv": [ 0, 6, 6, 8 ], "texture": "#texture3" },
				"east": { "uv": [ 0, 0, 6, 2 ], "texture": "#texture3" }
			}
		},
		{
			"__comment": "Cube",
			"from": [ 5, 0, 1 ],
			"to": [ 11, 2, 3 ],
			"faces": {
				"up": { "uv": [ 0, 4, 6, 6 ], "texture": "#texture3" },
				"north": { "uv": [ 0, 6, 6, 8 ], "texture": "#texture3" },
				"south": { "uv": [ 0, 2, 6, 4 ], "texture": "#texture3" },
				"west": { "uv": [ 6, 6, 8, 8 ], "texture": "#texture3" },
				"east": { "uv": [ 6, 6, 8, 8 ], "texture": "#texture3" }
			}
		}
	],
	"display": {
        "gui": {
            "rotation": [ 30, 225, 0 ],
            "translation": [ 0, 3, 0],
            "scale":[ 1, 1, 1 ]
        },
        "ground": {
            "rotation": [ 0, 0, 0 ],
            "translation": [ 0, 3, 0],
            "scale":[ 0.75, 0.75, 0.75 ]
        },
        "fixed": {
            "rotation": [ 0, 90, 270 ],
            "translation": [ 0, 0, -7],
            "scale":[ 1, 1, 1 ]
        },
        "thirdperson_righthand": {
            "rotation": [ 75, 45, 0 ],
            "translation": [ 0, 3, 3],
            "scale": [ 0.75, 0.75, 0.75 ]
        },
        "firstperson_righthand": {
            "rotation": [ 0, 225, 0 ],
            "translation": [ 0, 5, 0 ],
            "scale": [ 0.75, 0.75, 0.75 ]
        },
        "firstperson_lefthand": {
            "rotation": [ 0, 45, 0 ],
            "translation": [ 0, 5, 0 ],
            "scale": [ 0.75, 0.75, 0.75 ]
        }
    }
}