{
"__comment": "Designed with BDcraft Cubik Virtuoso - http://BDcraft.net/cubik",
"textures": {
    "particle": "block/technology/redstone",
    "texture3": "block/technology/redstone_torch",
    "line": "block/technology/redstone"
},
"elements": [ 
{
    "from": [ 4, 8, 4 ],
    "to": [ 12, 10, 12 ],
    "faces": {
        "down":  { "uv": [ 8, 8, 16, 16 ], "texture": "#texture3" },
        "up":    { "uv": [ 8, 8, 16, 16 ], "texture": "#line" },
        "north": { "uv": [ 0, 2, 8, 4 ], "texture": "#texture3" },
        "south": { "uv": [ 0, 2, 8, 4 ], "texture": "#texture3" },
        "west":  { "uv": [ 0, 2, 8, 4 ], "texture": "#texture3" },
        "east":  { "uv": [ 0, 2, 8, 4 ], "texture": "#texture3" }
    }
},
{
    "from": [ 6, 2, 6 ],
    "to": [ 10, 8, 10 ],
    "faces": {
        "north": { "uv": [ 0, 10, 4, 16 ], "texture": "#texture3" },
        "south": { "uv": [ 0, 10, 4, 16 ], "texture": "#texture3" },
        "west":  { "uv": [ 0, 10, 4, 16 ], "texture": "#texture3" },
        "east":  { "uv": [ 0, 10, 4, 16 ], "texture": "#texture3" }
    }
},
{
    "from": [ 4, 0, 4 ],
    "to": [ 12, 2, 12 ],
    "faces": {
        "down":  { "uv": [ 8, 8, 16, 16 ], "texture": "#line" },
        "up":    { "uv": [ 8, 8, 16, 16 ], "texture": "#texture3" },
        "north": { "uv": [ 0, 2, 8, 4 ], "texture": "#texture3" },
        "south": { "uv": [ 0, 2, 8, 4 ], "texture": "#texture3" },
        "west":  { "uv": [ 0, 2, 8, 4 ], "texture": "#texture3" },
        "east":  { "uv": [ 0, 2, 8, 4 ], "texture": "#texture3" }
    }
},
{
    "from": [ 4, 2, 11 ],
    "to": [ 5, 8, 12 ],
    "faces": {
        "north": { "uv": [ 7, 4, 8, 10 ], "texture": "#texture3" },
        "south": { "uv": [ 7, 4, 8, 10 ], "texture": "#texture3" },
        "west":  { "uv": [ 7, 4, 8, 10 ], "texture": "#texture3" },
        "east":  { "uv": [ 7, 4, 8, 10 ], "texture": "#texture3" }
    }
},
{
    "from": [ 11, 2, 11 ],
    "to": [ 12, 8, 12 ],
    "faces": {
        "north": { "uv": [ 7, 4, 8, 10 ], "texture": "#texture3" },
        "south": { "uv": [ 7, 4, 8, 10 ], "texture": "#texture3" },
        "west":  { "uv": [ 7, 4, 8, 10 ], "texture": "#texture3" },
        "east":  { "uv": [ 7, 4, 8, 10 ], "texture": "#texture3" }
    }
},
{
    "from": [ 4, 2, 4 ],
    "to": [ 5, 8, 5 ],
    "faces": {
        "north": { "uv": [ 7, 4, 8, 10 ], "texture": "#texture3" },
        "south": { "uv": [ 7, 4, 8, 10 ], "texture": "#texture3" },
        "west":  { "uv": [ 7, 4, 8, 10 ], "texture": "#texture3" },
        "east":  { "uv": [ 7, 4, 8, 10 ], "texture": "#texture3" }
    }
},
{
    "from": [ 11, 2, 4 ],
    "to": [ 12, 8, 5 ],
    "faces": {
        "north": { "uv": [ 7, 4, 8, 10 ], "texture": "#texture3" },
        "south": { "uv": [ 7, 4, 8, 10 ], "texture": "#texture3" },
        "west":  { "uv": [ 7, 4, 8, 10 ], "texture": "#texture3" },
        "east":  { "uv": [ 7, 4, 8, 10 ], "texture": "#texture3" }
    }
}
],
"display": {
    "thirdperson_righthand": {
        "rotation": [ 0, 45, 0 ],
        "translation": [ 0, 2.5, 0 ],
        "scale": [ 0.5, 0.5, 0.5 ]
    },
    "thirdperson_lefthand": {
        "rotation": [ 0, 45, 0 ],
        "translation": [ 0, 2.5, 0 ],
        "scale": [ 0.5, 0.5, 0.5 ]
    },
    "head": {
        "rotation": [ 0, 0, 0 ],
        "translation": [ 0, 14.17, 0 ],
        "scale": [ 1, 1, 1 ]
    },
    "ground": {
        "rotation": [ 0, 0, 0 ],
        "translation": [ 0, 2.27, 0 ],
        "scale": [ 0.5, 0.5, 0.5 ]
    },
    "fixed": {
        "rotation": [ -90, 0, 0 ],
        "translation": [ 0, 0, -6.24 ],
        "scale": [ 1, 1, 1 ]
    },
    "firstperson_righthand": {
        "rotation": [ 0, 45, 0 ],
        "translation": [ 0, 3.59, 0 ],
        "scale": [ 0.75, 0.75, 0.75 ]
    },
    "firstperson_lefthand": {
        "rotation": [ 0, 45, 0 ],
        "translation": [ 0, 3.59, 0 ],
        "scale": [ 0.75, 0.75, 0.75 ]
    },
    "gui": {
        "rotation": [ 30, 225, 0 ],
        "translation": [ 0, 0, 0 ],
        "scale": [ 0.8, 0.8, 0.8 ]
    }
}
}