{
	"credit": "Made with Blockbench",
	"parent": "block/template_planks",
	"textures": {
		"particle": "block/bookshelf",
		"side": "block/bookshelf49",
		"end": "block/oak_planks"
	},
	"elements": [
		{
			"name": "Cube",
			"from": [0, 0, 0],
			"to": [16, 1, 16],
			"faces": {
				"north": {"uv": [0, 15, 16, 16], "texture": "#side", "cullface": "north"},
				"east": {"uv": [0, 15, 16, 16], "texture": "#side", "cullface": "east"},
				"south": {"uv": [0, 15, 16, 16], "texture": "#side", "cullface": "south"},
				"west": {"uv": [0, 15, 16, 16], "texture": "#side", "cullface": "west"},
				"up": {"uv": [0, 0, 16, 16], "texture": "#end"},
				"down": {"uv": [0, 0, 16, 16], "texture": "#end", "cullface": "down"}
			}
		},
		{
			"name": "Cube",
			"from": [15, 1, 15],
			"to": [16, 15, 16],
			"faces": {
				"north": {"uv": [0, 1, 1, 15], "texture": "#side", "cullface": "east"},
				"east": {"uv": [0, 1, 1, 15], "texture": "#side", "cullface": "east"},
				"south": {"uv": [0, 1, 1, 15], "texture": "#side", "cullface": "south"},
				"west": {"uv": [0, 1, 1, 15], "texture": "#side", "cullface": "south"}
			}
		},
		{
			"name": "Cube",
			"from": [0, 15, 0],
			"to": [16, 16, 16],
			"faces": {
				"north": {"uv": [0, 0, 16, 1], "texture": "#side", "cullface": "north"},
				"east": {"uv": [0, 0, 16, 1], "texture": "#side", "cullface": "east"},
				"south": {"uv": [0, 0, 16, 1], "texture": "#side", "cullface": "south"},
				"west": {"uv": [0, 0, 16, 1], "texture": "#side", "cullface": "west"},
				"up": {"uv": [0, 0, 16, 16], "texture": "#end", "cullface": "up"},
				"down": {"uv": [0, 0, 16, 16], "texture": "#end"}
			}
		},
		{
			"name": "Cube",
			"from": [1, 7, 15],
			"to": [15, 9, 16],
			"faces": {
				"south": {"uv": [1, 7, 15, 9], "texture": "#side", "cullface": "south"},
				"up": {"uv": [1, 7, 15, 8], "texture": "#side", "cullface": "south"},
				"down": {"uv": [1, 8, 15, 9], "texture": "#side", "cullface": "south"}
			}
		},
		{
			"name": "Cube",
			"from": [15, 7, 1],
			"to": [16, 9, 15],
			"faces": {
				"east": {"uv": [1, 7, 15, 9], "texture": "#side", "cullface": "east"},
				"up": {"uv": [0, 1, 1, 15], "texture": "#side", "cullface": "east"},
				"down": {"uv": [0, 1, 1, 15], "texture": "#side", "cullface": "east"}
			}
		},
		{
			"name": "Cube",
			"from": [1, 1, 1],
			"to": [15, 15, 15],
			"faces": {
				"north": {"uv": [1, 1, 15, 15], "texture": "#side", "cullface": "north"},
				"east": {"uv": [1, 1, 15, 15], "texture": "#side", "cullface": "east"},
				"south": {"uv": [1, 1, 15, 15], "texture": "#side", "cullface": "south"},
				"west": {"uv": [1, 1, 15, 15], "texture": "#side", "cullface": "west"}
			}
		},
		{
			"name": "Cube",
			"from": [1, 7, 0],
			"to": [15, 9, 1],
			"faces": {
				"north": {"uv": [1, 7, 15, 9], "texture": "#side", "cullface": "north"},
				"up": {"uv": [1, 7, 15, 8], "texture": "#side", "cullface": "north"},
				"down": {"uv": [1, 8, 15, 9], "texture": "#side", "cullface": "north"}
			}
		},
		{
			"name": "Cube",
			"from": [0, 7, 1],
			"to": [1, 9, 15],
			"faces": {
				"west": {"uv": [1, 7, 15, 9], "texture": "#side", "cullface": "west"},
				"up": {"uv": [0, 1, 1, 15], "texture": "#side", "cullface": "west"},
				"down": {"uv": [0, 1, 1, 15], "texture": "#side", "cullface": "west"}
			}
		},
		{
			"name": "Cube",
			"from": [0, 1, 0],
			"to": [1, 15, 1],
			"faces": {
				"north": {"uv": [0, 1, 1, 15], "texture": "#side", "cullface": "north"},
				"east": {"uv": [0, 1, 1, 15], "texture": "#side", "cullface": "north"},
				"south": {"uv": [0, 1, 1, 15], "texture": "#side", "cullface": "west"},
				"west": {"uv": [0, 1, 1, 15], "texture": "#side", "cullface": "west"}
			}
		},
		{
			"name": "Cube",
			"from": [0, 1, 15],
			"to": [1, 15, 16],
			"faces": {
				"north": {"uv": [0, 1, 1, 15], "texture": "#side", "cullface": "west"},
				"east": {"uv": [0, 1, 1, 15], "texture": "#side", "cullface": "south"},
				"south": {"uv": [0, 1, 1, 15], "texture": "#side", "cullface": "south"},
				"west": {"uv": [0, 1, 1, 15], "texture": "#side", "cullface": "west"}
			}
		},
		{
			"name": "Cube",
			"from": [15, 1, 0],
			"to": [16, 15, 1],
			"faces": {
				"north": {"uv": [0, 1, 1, 15], "texture": "#side", "cullface": "north"},
				"east": {"uv": [0, 1, 1, 15], "texture": "#side", "cullface": "east"},
				"south": {"uv": [0, 1, 1, 15], "texture": "#side", "cullface": "east"},
				"west": {"uv": [0, 1, 1, 15], "texture": "#side", "cullface": "north"}
			}
		}
	],
	"display": {
		"thirdperson_righthand": {
			"rotation": [75, 45, 0],
			"translation": [0, 2.5, 0],
			"scale": [0.375, 0.375, 0.375]
		},
		"thirdperson_lefthand": {
			"rotation": [75, 45, 0],
			"translation": [0, 2.5, 0],
			"scale": [0.375, 0.375, 0.375]
		},
		"firstperson_righthand": {
			"rotation": [0, 45, 0],
			"scale": [0.4, 0.4, 0.4]
		},
		"firstperson_lefthand": {
			"rotation": [0, 225, 0],
			"scale": [0.4, 0.4, 0.4]
		},
		"ground": {
			"translation": [0, 3, 0],
			"scale": [0.25, 0.25, 0.25]
		},
		"gui": {
			"rotation": [30, 225, 0],
			"scale": [0.625, 0.625, 0.625]
		},
		"fixed": {
			"scale": [0.5, 0.5, 0.5]
		}
	},
	"groups": [0, 1, 2, 3, 4, 5, 6, 7, 8, 9, 10,
		{
			"name": "template_planks",
			"origin": [8, 8, 8],
			"children": [
				{
					"name": "up",
					"origin": [8, 8, 8],
					"children": []
				},
				{
					"name": "down",
					"origin": [8, 8, 8],
					"children": []
				}
			]
		}
	]
}