{
	"__comment": "Designed by Sphax with Cubik Studio - https://cubik.studio",
	"textures": {
		"instrument": "block/bdc_noteblock",
		"num": "block/note_n",
		"note": "block/note_name"
	},
	"elements": [ 	 
		{
			"__comment": "number",
			"from": [ 9.5, 5, 0.5 ],
			"to": [ 12.5, 8, 15.5 ],
			"faces": {
				"down": { "uv": [ 12, 12, 16, 16 ], "texture": "#instrument", "rotation": 90 },
				"up": { "uv": [ 12, 12, 16, 16 ], "texture": "#instrument", "rotation": 270 },
				"north": { "uv": [ 9.6, 3.2, 12.8, 6.4 ], "texture": "#num" },
				"south": { "uv": [ 9.6, 3.2, 12.8, 6.4 ], "texture": "#num" },
				"west": { "uv": [ 12, 12, 16, 16 ], "texture": "#instrument" },
				"east": { "uv": [ 12, 12, 16, 16 ], "texture": "#instrument" }
			}
		},
		{
			"__comment": "note",
			"from": [ 9.5, 8, 0.5 ],
			"to": [ 12.5, 11, 15.5 ],
			"faces": {
				"down": { "uv": [ 12, 12, 16, 16 ], "texture": "#instrument", "rotation": 90 },
				"up": { "uv": [ 12, 12, 16, 16 ], "texture": "#instrument", "rotation": 270 },
				"north": { "uv": [ 9.6, 3.2, 12.8, 6.4 ], "texture": "#note" },
				"south": { "uv": [ 9.6, 3.2, 12.8, 6.4 ], "texture": "#note" },
				"west": { "uv": [ 12, 12, 16, 16 ], "texture": "#instrument" },
				"east": { "uv": [ 12, 12, 16, 16 ], "texture": "#instrument" }
			}
		}
	]
}