{
	"__comment": "Designed by Sphax with Cubik Studio - https://cubik.studio",
	"textures": {
		"instrument": "block/bdc_noteblock"
	},
	"elements": [ 	 
		{
			"__comment": "instrument",
			"from": [ 3.5, 5, 0.5 ],
			"to": [ 9.5, 11, 15.5 ],
			"faces": {
				"down": { "uv": [ 12, 12, 16, 16 ], "texture": "#instrument", "rotation": 90 },
				"up": { "uv": [ 12, 12, 16, 16 ], "texture": "#instrument", "rotation": 270 },
				"north": { "uv": [ 0, 0, 4, 4 ], "texture": "#instrument" },
				"south": { "uv": [ 0, 0, 4, 4 ], "texture": "#instrument" },
				"west": { "uv": [ 12, 12, 16, 16 ], "texture": "#instrument" },
				"east": { "uv": [ 12, 12, 16, 16 ], "texture": "#instrument" }
			}
		}
	]
}