{
	"__comment": "Designed by Sphax with Cubik Studio - https://cubik.studio",
	"parent": "block/block",
	"ambientocclusion": false,
	"textures": {
		"particle": "#all",
		"all": "block/birch_leaves"
	},
	"elements": [ 	 
		{
			"from": [ -0.5, 9, 7.5 ],
			"to": [ 17.5, 9.001, 25.5 ],
			"rotation": { "origin": [ -0.5, 9, 7.5 ], "axis": "x", "angle": 45 },
			"shade": false,
			"faces": {
				"down": { "uv": [ 16, 0, 0, 16 ], "texture": "#all", "tintindex": 0 },
				"up": { "uv": [ 16, 16, 0, 0 ], "texture": "#all", "tintindex": 0 }
			}
		},
		{
			"from": [ -0.5, 10, -8.5 ],
			"to": [ 17.5, 10.001, 9.5 ],
			"rotation": { "origin": [ 17.5, 10, 9.5 ], "axis": "x", "angle": -45 },
			"shade": false,
			"faces": {
				"down": { "uv": [ 0, 0, 16, 16 ], "texture": "#all", "rotation": 180, "tintindex": 0 },
				"up": { "uv": [ 0, 16, 16, 0 ], "texture": "#all", "rotation": 180, "tintindex": 0 }
			}
		},
		{
			"from": [ 7.5001, 12.0001, -0.5 ],
			"to": [ 27.5001, 12.0011, 17.5 ],
			"rotation": { "origin": [ 7.5, 12, 17.5 ], "axis": "z", "angle": -45 },
			"shade": false,
			"faces": {
				"down": { "uv": [ 0, 0, 16, 16 ], "texture": "#all", "rotation": 90, "tintindex": 0 },
				"up": { "uv": [ 0, 16, 16, 0 ], "texture": "#all", "rotation": 270, "tintindex": 0 }
			}
		},
		{
			"from": [ -0.5, 17.5, 7.5 ],
			"to": [ 17.5, 17.501, 25.5 ],
			"rotation": { "origin": [ -0.5, 17.5, 7.5 ], "axis": "x", "angle": 45 },
			"shade": false,
			"faces": {
				"down": { "uv": [ 0, 0, 16, 16 ], "texture": "#all", "tintindex": 0 },
				"up": { "uv": [ 0, 16, 16, 0 ], "texture": "#all", "tintindex": 0 }
			}
		},
		{
			"from": [ -4, 2, -0.5 ],
			"to": [ 16, 2.001, 17.5 ],
			"rotation": { "origin": [ -4, 2, -0.5 ], "axis": "z", "angle": 45 },
			"shade": false,
			"faces": {
				"down": { "uv": [ 0, 0, 16, 16 ], "texture": "#all", "rotation": 270, "tintindex": 0 },
				"up": { "uv": [ 0, 16, 16, 0 ], "texture": "#all", "rotation": 90, "tintindex": 0 }
			}
		},
		{
			"from": [ -0.5, 18, -8.5 ],
			"to": [ 17.5, 18.001, 9.5 ],
			"rotation": { "origin": [ 17.5, 18, 9.5 ], "axis": "x", "angle": -45 },
			"shade": false,
			"faces": {
				"down": { "uv": [ 16, 0, 0, 16 ], "texture": "#all", "rotation": 180, "tintindex": 0 },
				"up": { "uv": [ 16, 16, 0, 0 ], "texture": "#all", "rotation": 180, "tintindex": 0 }
			}
		}
	]
}