{
	"__comment": "Designed with BDcraft Cubik Virtuoso - http://BDcraft.net/cubik",
	"parent": "block/block",
	"ambientocclusion": false,
	"textures": {
		"particle": "block/technology/redstone",
		"redstone": "block/technology/redstone"
	},
	"elements": [
		{
			"from": [ 6, 1, 0 ],
			"to": [ 10, 16, 1 ],
			"faces": {
				"north": { "uv": [ 0, 4, 2, 8 ], "texture": "#redstone", "rotation": 270, "tintindex": 0 },
				"south": { "uv": [ 0, 4, 2, 8 ], "texture": "#redstone", "rotation": 270, "tintindex": 0 },
				"west": { "uv": [ 0, 4, 2, 5 ], "texture": "#redstone", "rotation": 270, "tintindex": 0 },
				"east": { "uv": [ 0, 4, 2, 5 ], "texture": "#redstone", "rotation": 270, "tintindex": 0 }
			}
		},
		{
			"from": [ 6, 16, 0 ],
			"to": [ 10, 17, 1 ],
			"faces": {
				"up": { "uv": [ 3, 5, 7, 6 ], "texture": "#redstone", "tintindex": 0 },
				"south": { "uv": [ 3, 5, 7, 6 ], "texture": "#redstone", "rotation": 180, "tintindex": 0 },
				"west": { "uv": [ 7, 4, 8, 5 ], "texture": "#redstone", "rotation": 270, "tintindex": 0 },
				"east": { "uv": [ 7, 4, 8, 5 ], "texture": "#redstone", "rotation": 180, "tintindex": 0 }
			}
		}
	]
}