{
"__comment": "Designed with BDcraft Cubik Virtuoso - http://BDcraft.net/cubik",
"textures": {
    "particle": "block/technology/redstone",
    "redstone_torch": "block/technology/redstone_torch",
    "redstone": "block/technology/redstone"
},
"elements": [ 
{
    "from": [ 8, 4, 4 ],
    "to": [ 10, 12, 12 ],
    "faces": {
        "down":  { "uv": [ 0, 2, 8, 4 ], "rotation": 90, "texture": "#redstone_torch" },
        "up":    { "uv": [ 0, 2, 8, 4 ], "rotation": 90, "texture": "#redstone_torch" },
        "north": { "uv": [ 8, 2, 0, 4 ], "rotation": 270, "texture": "#redstone_torch" },
        "south": { "uv": [ 0, 4, 8, 2 ], "rotation": 90, "texture": "#redstone_torch" },
        "west":  { "uv": [ 8, 8, 16, 16 ], "rotation": 180, "texture": "#redstone_torch" },
        "east":  { "uv": [ 8, 8, 16, 16 ], "texture": "#redstone" }
    }
},
{
    "from": [ 2, 6, 6 ],
    "to": [ 8, 10, 10 ],
    "faces": {
        "down":  { "uv": [ 4, 10, 8, 16 ], "rotation": 90, "texture": "#redstone_torch" },
        "up":    { "uv": [ 4, 10, 8, 16 ], "rotation": 90, "texture": "#redstone_torch" },
        "north": { "uv": [ 4, 10, 8, 16 ], "rotation": 270, "texture": "#redstone_torch" },
        "south": { "uv": [ 4, 10, 8, 16 ], "rotation": 90, "texture": "#redstone_torch" }
    }
},
{
    "from": [ 0, 4, 4 ],
    "to": [ 2, 12, 12 ],
    "faces": {
        "down":  { "uv": [ 0, 2, 8, 4 ], "rotation": 90, "texture": "#redstone_torch" },
        "up":    { "uv": [ 0, 2, 8, 4 ], "rotation": 90, "texture": "#redstone_torch" },
        "north": { "uv": [ 8, 2, 0, 4 ], "rotation": 270, "texture": "#redstone_torch" },
        "south": { "uv": [ 8, 2, 0, 4 ], "rotation": 270, "texture": "#redstone_torch" },
        "east":  { "uv": [ 8, 8, 16, 16 ], "texture": "#redstone_torch" }
    }
},
{
    "from": [ 2, 4, 11 ],
    "to": [ 8, 5, 12 ],
    "faces": {
        "down":  { "uv": [ 7, 4, 8, 10 ], "rotation": 90, "texture": "#redstone_torch" },
        "up":    { "uv": [ 7, 4, 8, 10 ], "rotation": 90, "texture": "#redstone_torch" },
        "north": { "uv": [ 7, 4, 8, 10 ], "rotation": 270, "texture": "#redstone_torch" },
        "south": { "uv": [ 7, 4, 8, 10 ], "rotation": 90, "texture": "#redstone_torch" }
    }
},
{
    "from": [ 2, 4, 4 ],
    "to": [ 8, 5, 5 ],
    "faces": {
        "down":  { "uv": [ 7, 4, 8, 10 ], "rotation": 90, "texture": "#redstone_torch" },
        "up":    { "uv": [ 7, 4, 8, 10 ], "rotation": 90, "texture": "#redstone_torch" },
        "north": { "uv": [ 7, 4, 8, 10 ], "rotation": 270, "texture": "#redstone_torch" },
        "south": { "uv": [ 7, 4, 8, 10 ], "rotation": 90, "texture": "#redstone_torch" }
    }
},
{
    "from": [ 2, 11, 11 ],
    "to": [ 8, 12, 12 ],
    "faces": {
        "down":  { "uv": [ 7, 4, 8, 10 ], "rotation": 90, "texture": "#redstone_torch" },
        "up":    { "uv": [ 7, 4, 8, 10 ], "rotation": 90, "texture": "#redstone_torch" },
        "north": { "uv": [ 7, 4, 8, 10 ], "rotation": 270, "texture": "#redstone_torch" },
        "south": { "uv": [ 7, 4, 8, 10 ], "rotation": 90, "texture": "#redstone_torch" }
    }
},
{
    "from": [ 2, 11, 4 ],
    "to": [ 8, 12, 5 ],
    "faces": {
        "down":  { "uv": [ 7, 4, 8, 10 ], "rotation": 90, "texture": "#redstone_torch" },
        "up":    { "uv": [ 7, 4, 8, 10 ], "rotation": 90, "texture": "#redstone_torch" },
        "north": { "uv": [ 7, 4, 8, 10 ], "rotation": 270, "texture": "#redstone_torch" },
        "south": { "uv": [ 7, 4, 8, 10 ], "rotation": 90, "texture": "#redstone_torch" }
    }
}
]
}