{
	"__comment": "Designed with BDcraft Cubik Virtuoso - http://BDcraft.net/cubik",
	"parent": "block/block",
	"ambientocclusion": false,
	"textures": {
		"particle": "block/technology/redstone",
		"redstone": "block/technology/redstone"
	},
	"elements": [ 	 
		{
			"from": [ 6, 1, 0 ],
			"to": [ 10, 16, 1 ],
			"faces": {
				"north": { "uv": [ 0, 4, 2, 8 ], "texture": "#redstone", "rotation": 270, "tintindex": 0 },
				"south": { "uv": [ 0, 4, 2, 8 ], "texture": "#redstone", "rotation": 270, "tintindex": 0 },
				"west": { "uv": [ 0, 4, 2, 5 ], "texture": "#redstone", "rotation": 270, "tintindex": 0 },
				"east": { "uv": [ 0, 4, 2, 5 ], "texture": "#redstone", "rotation": 270, "tintindex": 0 }
			}
		},
		{
			"from": [ 6, 16, 0 ],
			"to": [ 10, 17, 1 ],
			"faces": {
				"up": { "uv": [ 3, 5, 7, 6 ], "texture": "#redstone", "tintindex": 0 },
				"south": { "uv": [ 3, 5, 7, 6 ], "texture": "#redstone", "rotation": 180, "tintindex": 0 },
				"west": { "uv": [ 7, 4, 8, 5 ], "texture": "#redstone", "rotation": 270, "tintindex": 0 },
				"east": { "uv": [ 7, 4, 8, 5 ], "texture": "#redstone", "rotation": 180, "tintindex": 0 }
			}
		},
		{
			"from": [ 5, 13, 1 ],
			"to": [ 11, 14, 2 ],
			"faces": {
				"down": { "uv": [ 0, 9, 6, 10 ], "texture": "#redstone", "rotation": 180 },
				"up": { "uv": [ 0, 9, 6, 10 ], "texture": "#redstone" },
				"south": { "uv": [ 0, 10, 6, 11 ], "texture": "#redstone" },
				"west": { "uv": [ 4, 8, 5, 9 ], "texture": "#redstone" },
				"east": { "uv": [ 3, 8, 4, 9 ], "texture": "#redstone" }
			}
		},
		{
			"from": [ 10, 13, 0 ],
			"to": [ 11, 14, 1 ],
			"faces": {
				"down": { "uv": [ 0, 8, 1, 9 ], "texture": "#redstone", "rotation": 180 },
				"up": { "uv": [ 0, 8, 1, 9 ], "texture": "#redstone" },
				"north": { "uv": [ 2, 8, 3, 9 ], "texture": "#redstone" },
				"west": { "uv": [ 3, 8, 4, 9 ], "texture": "#redstone" },
				"east": { "uv": [ 4, 8, 5, 9 ], "texture": "#redstone" }
			}
		},
		{
			"from": [ 5, 13, 0 ],
			"to": [ 6, 14, 1 ],
			"faces": {
				"down": { "uv": [ 6, 9, 5, 8 ], "texture": "#redstone" },
				"up": { "uv": [ 0, 8, 1, 9 ], "texture": "#redstone" },
				"north": { "uv": [ 2, 8, 3, 9 ], "texture": "#redstone" },
				"west": { "uv": [ 3, 8, 4, 9 ], "texture": "#redstone" },
				"east": { "uv": [ 4, 8, 5, 9 ], "texture": "#redstone" }
			}
		},
		{
			"from": [ 5, 3, 1 ],
			"to": [ 11, 4, 2 ],
			"faces": {
				"down": { "uv": [ 6, 10, 0, 9 ], "texture": "#redstone" },
				"up": { "uv": [ 0, 9, 6, 10 ], "texture": "#redstone" },
				"south": { "uv": [ 0, 10, 6, 11 ], "texture": "#redstone" },
				"west": { "uv": [ 4, 8, 5, 9 ], "texture": "#redstone" },
				"east": { "uv": [ 3, 8, 4, 9 ], "texture": "#redstone" }
			}
		},
		{
			"from": [ 10, 3, 0 ],
			"to": [ 11, 4, 1 ],
			"faces": {
				"down": { "uv": [ 6, 9, 5, 8 ], "texture": "#redstone" },
				"up": { "uv": [ 0, 8, 1, 9 ], "texture": "#redstone" },
				"north": { "uv": [ 2, 8, 3, 9 ], "texture": "#redstone" },
				"south": { "uv": [ 2, 8, 3, 9 ], "texture": "#redstone" },
				"west": { "uv": [ 3, 8, 4, 9 ], "texture": "#redstone" },
				"east": { "uv": [ 4, 8, 5, 9 ], "texture": "#redstone" }
			}
		},
		{
			"from": [ 5, 3, 0 ],
			"to": [ 6, 4, 1 ],
			"faces": {
				"down": { "uv": [ 0, 8, 1, 9 ], "texture": "#redstone", "rotation": 180 },
				"up": { "uv": [ 0, 8, 1, 9 ], "texture": "#redstone" },
				"north": { "uv": [ 2, 8, 3, 9 ], "texture": "#redstone" },
				"south": { "uv": [ 2, 8, 3, 9 ], "texture": "#redstone" },
				"west": { "uv": [ 3, 8, 4, 9 ], "texture": "#redstone" },
				"east": { "uv": [ 4, 8, 5, 9 ], "texture": "#redstone" }
			}
		}
	]
}