{
	"__comment": "Designed with BDcraft Cubik Virtuoso - http://BDcraft.net/cubik",
	"textures": {
		"particle": "block/technology/redstone",
		"redstone_torch": "block/technology/redstone_torch",
		"redstone": "block/technology/redstone"
	},
	"elements": [ 	 
		{
			"__comment": "Element",
			"from": [ 4, 8, 4 ],
			"to": [ 12, 10, 12 ],
			"faces": {
				"down": { "uv": [ 8, 8, 16, 16 ], "texture": "#redstone_torch" },
				"up": { "uv": [ 8, 8, 16, 16 ], "texture": "#redstone" },
				"north": { "uv": [ 0, 2, 8, 4 ], "texture": "#redstone_torch" },
				"south": { "uv": [ 0, 2, 8, 4 ], "texture": "#redstone_torch" },
				"west": { "uv": [ 0, 2, 8, 4 ], "texture": "#redstone_torch" },
				"east": { "uv": [ 0, 2, 8, 4 ], "texture": "#redstone_torch" }
			}
		},
		{
			"__comment": "Element",
			"from": [ 6, 2, 6 ],
			"to": [ 10, 8, 10 ],
			"faces": {
				"north": { "uv": [ 0, 10, 4, 16 ], "texture": "#redstone_torch" },
				"south": { "uv": [ 0, 10, 4, 16 ], "texture": "#redstone_torch" },
				"west": { "uv": [ 0, 10, 4, 16 ], "texture": "#redstone_torch" },
				"east": { "uv": [ 0, 10, 4, 16 ], "texture": "#redstone_torch" }
			}
		},
		{
			"__comment": "Element",
			"from": [ 4, 0, 4 ],
			"to": [ 12, 2, 12 ],
			"faces": {
				"down": { "uv": [ 8, 8, 16, 16 ], "texture": "#redstone" },
				"up": { "uv": [ 8, 8, 16, 16 ], "texture": "#redstone_torch" },
				"north": { "uv": [ 0, 2, 8, 4 ], "texture": "#redstone_torch" },
				"south": { "uv": [ 0, 2, 8, 4 ], "texture": "#redstone_torch" },
				"west": { "uv": [ 0, 2, 8, 4 ], "texture": "#redstone_torch" },
				"east": { "uv": [ 0, 2, 8, 4 ], "texture": "#redstone_torch" }
			}
		},
		{
			"__comment": "Element",
			"from": [ 4, 2, 11 ],
			"to": [ 5, 8, 12 ],
			"faces": {
				"north": { "uv": [ 7, 4, 8, 10 ], "texture": "#redstone_torch" },
				"south": { "uv": [ 7, 4, 8, 10 ], "texture": "#redstone_torch" },
				"west": { "uv": [ 7, 4, 8, 10 ], "texture": "#redstone_torch" },
				"east": { "uv": [ 7, 4, 8, 10 ], "texture": "#redstone_torch" }
			}
		},
		{
			"__comment": "Element",
			"from": [ 11, 2, 11 ],
			"to": [ 12, 8, 12 ],
			"faces": {
				"north": { "uv": [ 7, 4, 8, 10 ], "texture": "#redstone_torch" },
				"south": { "uv": [ 7, 4, 8, 10 ], "texture": "#redstone_torch" },
				"west": { "uv": [ 7, 4, 8, 10 ], "texture": "#redstone_torch" },
				"east": { "uv": [ 7, 4, 8, 10 ], "texture": "#redstone_torch" }
			}
		},
		{
			"__comment": "Element",
			"from": [ 4, 2, 4 ],
			"to": [ 5, 8, 5 ],
			"faces": {
				"north": { "uv": [ 7, 4, 8, 10 ], "texture": "#redstone_torch" },
				"south": { "uv": [ 7, 4, 8, 10 ], "texture": "#redstone_torch" },
				"west": { "uv": [ 7, 4, 8, 10 ], "texture": "#redstone_torch" },
				"east": { "uv": [ 7, 4, 8, 10 ], "texture": "#redstone_torch" }
			}
		},
		{
			"__comment": "Element",
			"from": [ 11, 2, 4 ],
			"to": [ 12, 8, 5 ],
			"faces": {
				"north": { "uv": [ 7, 4, 8, 10 ], "texture": "#redstone_torch" },
				"south": { "uv": [ 7, 4, 8, 10 ], "texture": "#redstone_torch" },
				"west": { "uv": [ 7, 4, 8, 10 ], "texture": "#redstone_torch" },
				"east": { "uv": [ 7, 4, 8, 10 ], "texture": "#redstone_torch" }
			}
		}
	]
}