{
	"__comment": "Designed with BDcraft Cubik Virtuoso - http://BDcraft.net/cubik",
	"parent": "block/block",
	"ambientocclusion": false,
	"textures": {
		"particle": "block/technology/redstone",
		"texture": "block/technology/redstone"
	},
	"elements": [
		{
			"from": [ 6, 0.001, 8 ],
			"to": [ 10, 1, 16 ],
			"faces": {
				"up": { "uv": [ 0, 4, 2, 8 ], "texture": "#texture", "rotation": 270, "tintindex": 0 },
				"down": { "uv": [ 0, 4, 2, 8 ], "texture": "#texture", "rotation": 270, "tintindex": 0 },
				"south": { "uv": [ 2, 4, 3, 8 ], "texture": "#texture", "rotation": 270, "tintindex": 0 },
				"west": { "uv": [ 0, 4, 2, 5 ], "texture": "#texture", "tintindex": 0 },
				"east": { "uv": [ 0, 4, 2, 5 ], "texture": "#texture", "tintindex": 0 }
			}
		}
	]
}