{
	"__comment": "Designed with BDcraft Cubik Virtuoso - http://BDcraft.net/cubik",
	"parent": "block/block",
	"textures": {
		"particle": "block/technology/repeater",
		"texture": "block/technology/repeater",
		"texture2": "block/technology/redstone",
		"base": "block/technology/base"
	},
	"elements": [
		{
			"__comment": "Cube",
			"from": [ 6, 0, 0 ],
			"to": [ 10, 1, 8 ],
			"faces": {
				"up": { "uv": [ 10, 0, 11, 4 ], "texture": "#texture", "rotation": 270 },
				"north": { "uv": [ 11, 0, 12, 4 ], "texture": "#texture", "rotation": 270 },
				"west": { "uv": [ 10, 0, 11, 1 ], "texture": "#texture" },
				"east": { "uv": [ 10, 0, 11, 1 ], "texture": "#texture" }
			}
		},
		{
			"__comment": "Cube",
			"from": [ 6, 0, 8 ],
			"to": [ 10, 4, 16 ],
			"faces": {
				"up": { "uv": [ 8, 12, 16, 16 ], "texture": "#texture", "rotation": 90 },
				"north": { "uv": [ 4, 4, 8, 8 ], "texture": "#texture" },
				"south": { "uv": [ 4, 4, 8, 8 ], "texture": "#texture" },
				"west": { "uv": [ 8, 4, 16, 8 ], "texture": "#texture" },
				"east": { "uv": [ 0, 12, 8, 16 ], "texture": "#texture2" }
			}
		},
		{
			"__comment": "Cube",
			"from": [ 10, 0, 8 ],
			"to": [ 14, 2, 12 ],
			"faces": {
				"up": { "uv": [ 0, 2, 4, 6 ], "texture": "#texture" },
				"north": { "uv": [ 0, 0, 4, 2 ], "texture": "#texture" },
				"south": { "uv": [ 0, 0, 4, 2 ], "texture": "#texture" },
				"east": { "uv": [ 0, 0, 4, 2 ], "texture": "#texture" }
			}
		},
		{
			"__comment": "Cube",
			"from": [ 11, 2, 9 ],
			"to": [ 13, 3, 11 ],
			"faces": {
				"up": { "uv": [ 12, 0, 14, 2 ], "texture": "#texture" },
				"north": { "uv": [ 12, 0, 14, 1 ], "texture": "#texture" },
				"south": { "uv": [ 12, 0, 14, 1 ], "texture": "#texture" },
				"west": { "uv": [ 12, 0, 14, 1 ], "texture": "#texture" },
				"east": { "uv": [ 12, 0, 14, 1 ], "texture": "#texture" }
			}
		},
		{
			"__comment": "Cube",
			"from": [ 0, 0, 0 ],
			"to": [ 16, 0.001, 16 ],
			"faces": {
				"down": { "uv": [ 0, 0, 16, 16 ], "texture": "#base" },
				"up": { "uv": [ 0, 0, 16, 16 ], "texture": "#base" }
			}
		}
	]
}