{
	"__comment": "Designed with BDcraft Cubik Virtuoso - http://BDcraft.net/cubik",
	"textures": {
		"laser": "block/technology/laser"
	},
	"elements": [
		{
			"__comment": "Cube",
			"from": [ 7, 7, 7 ],
			"to": [ 9, 9, 9 ],
			"faces": {
				"down": { "uv": [ 4, 14, 6, 12 ], "texture": "#laser", "rotation": 90 },
				"up": { "uv": [ 12, 12, 10, 14 ], "texture": "#laser", "rotation": 270 },
				"south": { "uv": [ 2, 6, 4, 8 ], "texture": "#laser" },
				"west": { "uv": [ 10, 12, 12, 14 ], "texture": "#laser" },
				"east": { "uv": [ 4, 12, 6, 14 ], "texture": "#laser" }
			}
		}
	]
}