{
	"__comment": "Designed with BDcraft Cubik Virtuoso - http://BDcraft.net/cubik",
	"ambientocclusion": false,
	"textures": {
		"particle": "block/technology/laser",
		"containment_field": "block/technology/containment_field",
		"repeater": "block/technology/repeater",
		"laser": "block/technology/laser"
	},
	"elements": [ 	 
		{
			"from": [ 4, 4, 14 ],
			"to": [ 12, 12, 16 ],
			"faces": {
				"down": { "uv": [ 4, 0, 12, 2 ], "texture": "#containment_field" },
				"up": { "uv": [ 4, 0, 12, 2 ], "texture": "#containment_field" },
				"north": { "uv": [ 4, 4, 12, 12 ], "texture": "#containment_field" },
				"south": { "uv": [ 6, 0, 10, 4 ], "texture": "#repeater", "cullface": "south" },
				"west": { "uv": [ 14, 4, 16, 12 ], "texture": "#containment_field" },
				"east": { "uv": [ 14, 4, 16, 12 ], "texture": "#containment_field" }
			}
		},
		{
			"from": [ 7, 9, 4 ],
			"to": [ 9, 11, 14 ],
			"faces": {
				"down": { "uv": [ 4, 14, 16, 16 ], "texture": "#containment_field", "rotation": 270 },
				"up": { "uv": [ 4, 16, 16, 14 ], "texture": "#containment_field", "rotation": 90 },
				"west": { "uv": [ 4, 14, 16, 16 ], "texture": "#containment_field" },
				"east": { "uv": [ 4, 14, 16, 16 ], "texture": "#containment_field" }
			}
		},
		{
			"from": [ 7, 5, 4 ],
			"to": [ 9, 7, 14 ],
			"faces": {
				"down": { "uv": [ 4, 16, 16, 14 ], "texture": "#containment_field", "rotation": 90 },
				"up": { "uv": [ 4, 16, 16, 14 ], "texture": "#containment_field", "rotation": 90 },
				"west": { "uv": [ 4, 14, 16, 16 ], "texture": "#containment_field" },
				"east": { "uv": [ 4, 14, 16, 16 ], "texture": "#containment_field" }
			}
		},
		{
			"from": [ 7.5, 5.553, 10.822 ],
			"to": [ 8.5, 6.553, 16.822 ],
			"rotation": { "origin": [ 7.5, 5.5, 10.875 ], "axis": "x", "angle": -45 },
			"faces": {
				"down": { "uv": [ 15, 0, 16, 1 ], "texture": "#containment_field", "rotation": 270 },
				"up": { "uv": [ 15, 0, 16, 1 ], "texture": "#containment_field", "rotation": 270 },
				"west": { "uv": [ 15, 0, 16, 1 ], "texture": "#containment_field" },
				"east": { "uv": [ 15, 0, 16, 1 ], "texture": "#containment_field" }
			}
		},
		{
			"from": [ 0, 4, 14 ],
			"to": [ 4, 8, 16 ],
			"faces": {
				"down": { "uv": [ 0, 0, 4, 2 ], "texture": "#repeater" },
				"up": { "uv": [ 0, 0, 4, 2 ], "texture": "#repeater" },
				"north": { "uv": [ 0, 2, 4, 6 ], "texture": "#repeater" },
				"south": { "uv": [ 6, 0, 10, 4 ], "texture": "#repeater", "cullface": "south" },
				"west": { "uv": [ 0, 2, 4, 0 ], "texture": "#repeater", "rotation": 90 }
			}
		},
		{
			"from": [ 1, 5, 13 ],
			"to": [ 3, 7, 14 ],
			"faces": {
				"down": { "uv": [ 0, 7, 2, 8 ], "texture": "#repeater" },
				"up": { "uv": [ 0, 6, 2, 7 ], "texture": "#repeater" },
				"north": { "uv": [ 0, 6, 2, 8 ], "texture": "#repeater" },
				"west": { "uv": [ 0, 6, 1, 8 ], "texture": "#repeater" },
				"east": { "uv": [ 1, 6, 2, 8 ], "texture": "#repeater" }
			}
		},
		{
			"from": [ 7.5, 10, 6.5 ],
			"to": [ 8.5, 11, 12.5 ],
			"rotation": { "origin": [ 7.5, 10, 6.5 ], "axis": "x", "angle": 45 },
			"faces": {
				"down": { "uv": [ 15, 1, 16, 0 ], "texture": "#containment_field", "rotation": 270 },
				"up": { "uv": [ 15, 1, 16, 0 ], "texture": "#containment_field", "rotation": 270 },
				"west": { "uv": [ 15, 0, 16, 1 ], "texture": "#containment_field" },
				"east": { "uv": [ 15, 0, 16, 1 ], "texture": "#containment_field" }
			}
		},
		{
			"from": [ 4, 4, 2 ],
			"to": [ 12, 12, 4 ],
			"faces": {
				"down": { "uv": [ 4, 0, 12, 2 ], "texture": "#laser" },
				"up": { "uv": [ 4, 0, 12, 2 ], "texture": "#laser" },
				"north": { "uv": [ 4, 4, 12, 12 ], "texture": "#laser" },
				"south": { "uv": [ 4, 4, 12, 12 ], "texture": "#containment_field" },
				"west": { "uv": [ 14, 4, 16, 12 ], "texture": "#laser" },
				"east": { "uv": [ 14, 4, 16, 12 ], "texture": "#laser" }
			}
		},
		{
			"from": [ 7.5, 5.4116, 3.9634 ],
			"to": [ 8.5, 6.4116, 9.9634 ],
			"rotation": { "origin": [ 7.5, 5.5, 3.875 ], "axis": "x", "angle": -45 },
			"faces": {
				"down": { "uv": [ 15, 0, 16, 1 ], "texture": "#containment_field", "rotation": 270 },
				"up": { "uv": [ 15, 0, 16, 1 ], "texture": "#containment_field", "rotation": 270 },
				"west": { "uv": [ 15, 0, 16, 1 ], "texture": "#containment_field" },
				"east": { "uv": [ 15, 0, 16, 1 ], "texture": "#containment_field" }
			}
		},
		{
			"from": [ 6, 6, 0 ],
			"to": [ 10, 10, 2 ],
			"faces": {
				"down": { "uv": [ 0, 10, 4, 12 ], "texture": "#laser" },
				"up": { "uv": [ 4, 12, 0, 10 ], "texture": "#laser", "rotation": 180 },
				"north": { "uv": [ 12, 0, 16, 4 ], "texture": "#laser", "cullface": "north" },
				"west": { "uv": [ 0, 6, 2, 10 ], "texture": "#laser" },
				"east": { "uv": [ 0, 6, 2, 10 ], "texture": "#laser" }
			}
		}
	]
}