{
"__comment": "Designed with BDcraft Cubik Virtuoso - http://BDcraft.net/cubik",
"textures": {
    "particle": "block/technology/laser",
    "laser": "block/technology/laser"
},
"elements": [ 
{
    "from": [ 7, 7, 9 ],
    "to": [ 9, 9, 16 ],
    "faces": {
        "down":  { "uv": [ 5.5, 14, 10.5, 16 ], "rotation": 270, "texture": "#laser" },
        "up":    { "uv": [ 5.5, 14, 10.5, 16 ], "rotation": 270, "texture": "#laser" },
        "west":  { "uv": [ 5.5, 14, 11, 16 ], "texture": "#laser" },
        "east":  { "uv": [ 7, 14, 10.5, 16 ], "texture": "#laser" }
    }
}
]
}