{
	"__comment": "Designed with BDcraft Cubik Virtuoso - http://BDcraft.net/cubik",
	"parent": "block/block",
	"textures": {
		"particle": "block/technology/laser",
		"laser": "block/technology/laser"
	},
	"elements": [
		{
			"__comment": "Cube",
			"from": [ 7, 7, 0 ],
			"to": [ 9, 9, 2 ],
			"faces": {
				"down": { "uv": [ 4, 12, 6, 14 ], "texture": "#laser", "rotation": 270 },
				"up": { "uv": [ 4, 14, 6, 12 ], "texture": "#laser", "rotation": 90 },
				"north": { "uv": [ 2, 6, 4, 8 ], "texture": "#laser" },
				"west": { "uv": [ 4, 12, 6, 14 ], "texture": "#laser" },
				"east": { "uv": [ 10, 12, 12, 14 ], "texture": "#laser" }
			}
		},
		{
			"__comment": "Cube",
			"from": [ 7, 7, 14 ],
			"to": [ 9, 9, 16 ],
			"faces": {
				"down": { "uv": [ 10, 12, 12, 14 ], "texture": "#laser", "rotation": 270 },
				"up": { "uv": [ 10, 14, 12, 12 ], "texture": "#laser", "rotation": 90 },
				"south": { "uv": [ 2, 6, 4, 8 ], "texture": "#laser" },
				"west": { "uv": [ 10, 12, 12, 14 ], "texture": "#laser" },
				"east": { "uv": [ 4, 12, 6, 14 ], "texture": "#laser" }
			}
		},
		{
			"__comment": "Cube",
			"from": [ 7, 7, 2 ],
			"to": [ 9, 9, 14 ],
			"faces": {
				"down": { "uv": [ 5.5, 14, 11, 12 ], "texture": "#laser", "rotation": 90 },
				"up": { "uv": [ 5.5, 14, 10.5, 12 ], "texture": "#laser", "rotation": 90 },
				"west": { "uv": [ 6.5, 12, 10.5, 14 ], "texture": "#laser" },
				"east": { "uv": [ 6.5, 12, 10.5, 14 ], "texture": "#laser" }
			}
		}
	]
}