{
	"credit": "Made with Blockbench",
	"textures": {
		"1": "metat_bat/bat_tape_bb",
		"2": "metat_bat/bat_glow",
		"3": "metat_bat/bat_metal"
	},
	"elements": [
		{
			"name": "Hilt",
			"from": [7.45, 3.82, 7.45],
			"to": [8.55, 4.12, 8.55],
			"rotation": {"angle": 0, "axis": "y", "origin": [7.94, 9.01, 7.95]},
			"faces": {
				"north": {"uv": [4, 4, 12, 12], "rotation": 90, "texture": "#3"},
				"east": {"uv": [4, 4, 12, 12], "rotation": 270, "texture": "#3"},
				"south": {"uv": [4, 4, 12, 12], "rotation": 270, "texture": "#3"},
				"west": {"uv": [4, 4, 12, 12], "rotation": 270, "texture": "#3"},
				"up": {"uv": [4, 4, 12, 12], "rotation": 270, "texture": "#3"},
				"down": {"uv": [4, 4, 12, 12], "rotation": 270, "texture": "#3"}
			}
		},
		{
			"name": "Bat Blade",
			"from": [7.2, 13.02, 7.2],
			"to": [8.8, 21.92, 8.8],
			"rotation": {"angle": 0, "axis": "y", "origin": [7.99, 10.01, 7.7]},
			"faces": {
				"north": {"uv": [4, 4, 5, 8], "rotation": 270, "texture": "#3"},
				"east": {"uv": [4, 8, 5, 12], "rotation": 90, "texture": "#3"},
				"south": {"uv": [11, 8, 12, 12], "rotation": 90, "texture": "#3"},
				"west": {"uv": [11, 4, 12, 8], "rotation": 90, "texture": "#3"},
				"up": {"uv": [12, 12, 4, 4], "rotation": 90, "texture": "#3"},
				"down": {"uv": [12, 4, 4, 12], "rotation": 90, "texture": "#3"}
			}
		},
		{
			"name": "Bat Blade",
			"from": [7.35, 9.35, 7.35],
			"to": [8.65, 22.35, 8.65],
			"rotation": {"angle": 0, "axis": "y", "origin": [7.94, 9.94, 7.75]},
			"faces": {
				"north": {"uv": [4, 8, 5, 12], "rotation": 270, "texture": "#3"},
				"east": {"uv": [4, 4, 5, 8], "rotation": 90, "texture": "#3"},
				"south": {"uv": [11, 8, 12, 12], "rotation": 90, "texture": "#3"},
				"west": {"uv": [11, 4, 12, 8], "rotation": 90, "texture": "#3"},
				"up": {"uv": [12, 12, 4, 4], "rotation": 90, "texture": "#3"},
				"down": {"uv": [12, 4, 4, 12], "rotation": 90, "texture": "#3"}
			}
		},
		{
			"name": "Bat Blade",
			"from": [7.6, 4.02, 7.6],
			"to": [8.4, 9.82, 8.4],
			"rotation": {"angle": 0, "axis": "y", "origin": [7.99, 10.01, 7.9]},
			"faces": {
				"north": {"uv": [4, 4, 5, 8], "rotation": 270, "texture": "#3"},
				"east": {"uv": [5, 8, 4, 12], "rotation": 90, "texture": "#3"},
				"south": {"uv": [11, 8, 12, 12], "rotation": 90, "texture": "#3"},
				"west": {"uv": [11, 4, 12, 8], "rotation": 90, "texture": "#3"},
				"up": {"uv": [12, 12, 4, 4], "rotation": 90, "texture": "#3"},
				"down": {"uv": [4, 12, 12, 4], "rotation": 90, "texture": "#3"}
			}
		},
		{
			"name": "tape",
			"from": [7.55, 7.82, 7.55],
			"to": [8.45, 8.22, 8.45],
			"rotation": {"angle": 0, "axis": "y", "origin": [8.04, 13.11, 8.05]},
			"faces": {
				"north": {"uv": [5, 5, 6, 6], "rotation": 90, "texture": "#1"},
				"east": {"uv": [5, 5, 6, 6], "rotation": 270, "texture": "#1"},
				"south": {"uv": [8, 5, 9, 7], "rotation": 270, "texture": "#1"},
				"west": {"uv": [5, 5, 6, 6], "rotation": 270, "texture": "#1"},
				"up": {"uv": [5, 5, 6, 6], "rotation": 270, "texture": "#1"},
				"down": {"uv": [5, 5, 6, 6], "rotation": 270, "texture": "#1"}
			}
		},
		{
			"name": "tape",
			"from": [7.55, 7.82, 7.55],
			"to": [8.45, 8.22, 8.45],
			"rotation": {"angle": 0, "axis": "y", "origin": [8.04, 13.11, 8.05]},
			"faces": {
				"north": {"uv": [5, 5, 6, 6], "rotation": 90, "texture": "#1"},
				"east": {"uv": [5, 5, 6, 6], "rotation": 270, "texture": "#1"},
				"south": {"uv": [8, 5, 9, 7], "rotation": 270, "texture": "#1"},
				"west": {"uv": [5, 5, 6, 6], "rotation": 270, "texture": "#1"},
				"up": {"uv": [5, 5, 6, 6], "rotation": 270, "texture": "#1"},
				"down": {"uv": [5, 5, 6, 6], "rotation": 270, "texture": "#1"}
			}
		},
		{
			"name": "tape",
			"from": [7.55, 8.35, 7.55],
			"to": [8.45, 8.75, 8.45],
			"rotation": {"angle": 0, "axis": "y", "origin": [8.04, 13.11, 8.05]},
			"faces": {
				"north": {"uv": [5, 5, 6, 6], "rotation": 90, "texture": "#1"},
				"east": {"uv": [5, 5, 6, 6], "rotation": 270, "texture": "#1"},
				"south": {"uv": [8, 5, 9, 7], "rotation": 270, "texture": "#1"},
				"west": {"uv": [5, 5, 6, 6], "rotation": 270, "texture": "#1"},
				"up": {"uv": [5, 5, 6, 6], "rotation": 270, "texture": "#1"},
				"down": {"uv": [5, 5, 6, 6], "rotation": 270, "texture": "#1"}
			}
		},
		{
			"name": "tape",
			"from": [7.55, 7.32, 7.55],
			"to": [8.45, 7.72, 8.45],
			"rotation": {"angle": 0, "axis": "y", "origin": [8.04, 12.61, 8.05]},
			"faces": {
				"north": {"uv": [5, 5, 6, 6], "rotation": 90, "texture": "#1"},
				"east": {"uv": [5, 5, 6, 6], "rotation": 270, "texture": "#1"},
				"south": {"uv": [8, 5, 9, 7], "rotation": 270, "texture": "#1"},
				"west": {"uv": [5, 5, 6, 6], "rotation": 270, "texture": "#1"},
				"up": {"uv": [5, 5, 6, 6], "rotation": 270, "texture": "#1"},
				"down": {"uv": [5, 5, 6, 6], "rotation": 270, "texture": "#1"}
			}
		},
		{
			"name": "tape",
			"from": [7.55, 6.82, 7.55],
			"to": [8.45, 7.22, 8.45],
			"rotation": {"angle": 0, "axis": "y", "origin": [8.04, 12.11, 8.05]},
			"faces": {
				"north": {"uv": [5, 5, 6, 6], "rotation": 90, "texture": "#1"},
				"east": {"uv": [5, 5, 6, 6], "rotation": 270, "texture": "#1"},
				"south": {"uv": [8, 5, 9, 7], "rotation": 270, "texture": "#1"},
				"west": {"uv": [5, 5, 6, 6], "rotation": 270, "texture": "#1"},
				"up": {"uv": [5, 5, 6, 6], "rotation": 270, "texture": "#1"},
				"down": {"uv": [5, 5, 6, 6], "rotation": 270, "texture": "#1"}
			}
		},
		{
			"name": "tape",
			"from": [7.35, 8.75, 7.35],
			"to": [8.65, 9.15, 8.65],
			"rotation": {"angle": 0, "axis": "y", "origin": [8.04, 12.11, 8.05]},
			"faces": {
				"north": {"uv": [4, 4, 12, 12], "rotation": 90, "texture": "#3"},
				"east": {"uv": [4, 4, 12, 12], "rotation": 270, "texture": "#3"},
				"south": {"uv": [4, 4, 12, 12], "rotation": 270, "texture": "#3"},
				"west": {"uv": [4, 4, 12, 12], "rotation": 270, "texture": "#3"},
				"up": {"uv": [4, 4, 12, 12], "rotation": 270, "texture": "#3"},
				"down": {"uv": [4, 4, 12, 12], "rotation": 270, "texture": "#3"}
			}
		},
		{
			"name": "tape",
			"from": [7.55, 6.32, 7.55],
			"to": [8.45, 6.72, 8.45],
			"rotation": {"angle": 0, "axis": "y", "origin": [8.04, 11.61, 8.05]},
			"faces": {
				"north": {"uv": [5, 5, 6, 6], "rotation": 90, "texture": "#1"},
				"east": {"uv": [5, 5, 6, 6], "rotation": 270, "texture": "#1"},
				"south": {"uv": [8, 5, 9, 7], "rotation": 270, "texture": "#1"},
				"west": {"uv": [5, 5, 6, 6], "rotation": 270, "texture": "#1"},
				"up": {"uv": [5, 5, 6, 6], "rotation": 270, "texture": "#1"},
				"down": {"uv": [5, 5, 6, 6], "rotation": 270, "texture": "#1"}
			}
		},
		{
			"name": "tape",
			"from": [7.55, 5.82, 7.55],
			"to": [8.45, 6.22, 8.45],
			"rotation": {"angle": 0, "axis": "y", "origin": [8.04, 11.11, 8.05]},
			"faces": {
				"north": {"uv": [5, 5, 6, 6], "rotation": 90, "texture": "#1"},
				"east": {"uv": [5, 5, 6, 6], "rotation": 270, "texture": "#1"},
				"south": {"uv": [8, 5, 9, 7], "rotation": 270, "texture": "#1"},
				"west": {"uv": [5, 5, 6, 6], "rotation": 270, "texture": "#1"},
				"up": {"uv": [5, 5, 6, 6], "rotation": 270, "texture": "#1"},
				"down": {"uv": [5, 5, 6, 6], "rotation": 270, "texture": "#1"}
			}
		},
		{
			"name": "tape",
			"from": [7.55, 5.32, 7.55],
			"to": [8.45, 5.72, 8.45],
			"rotation": {"angle": 0, "axis": "y", "origin": [8.04, 10.61, 8.05]},
			"faces": {
				"north": {"uv": [5, 5, 6, 6], "rotation": 90, "texture": "#1"},
				"east": {"uv": [5, 5, 6, 6], "rotation": 270, "texture": "#1"},
				"south": {"uv": [8, 5, 9, 7], "rotation": 270, "texture": "#1"},
				"west": {"uv": [5, 5, 6, 6], "rotation": 270, "texture": "#1"},
				"up": {"uv": [5, 5, 6, 6], "rotation": 270, "texture": "#1"},
				"down": {"uv": [5, 5, 6, 6], "rotation": 270, "texture": "#1"}
			}
		},
		{
			"name": "tape",
			"from": [7.55, 4.82, 7.55],
			"to": [8.45, 5.22, 8.45],
			"rotation": {"angle": 0, "axis": "y", "origin": [8.04, 10.11, 8.05]},
			"faces": {
				"north": {"uv": [5, 5, 6, 6], "rotation": 90, "texture": "#1"},
				"east": {"uv": [5, 5, 6, 6], "rotation": 270, "texture": "#1"},
				"south": {"uv": [8, 5, 9, 7], "rotation": 270, "texture": "#1"},
				"west": {"uv": [5, 5, 6, 6], "rotation": 270, "texture": "#1"},
				"up": {"uv": [5, 5, 6, 6], "rotation": 270, "texture": "#1"},
				"down": {"uv": [5, 5, 6, 6], "rotation": 270, "texture": "#1"}
			}
		},
		{
			"name": "tape",
			"from": [7.55, 4.32, 7.55],
			"to": [8.45, 4.72, 8.45],
			"rotation": {"angle": 0, "axis": "y", "origin": [8.04, 9.61, 8.05]},
			"faces": {
				"north": {"uv": [5, 5, 6, 6], "rotation": 90, "texture": "#1"},
				"east": {"uv": [5, 5, 6, 6], "rotation": 270, "texture": "#1"},
				"south": {"uv": [8, 5, 9, 7], "rotation": 270, "texture": "#1"},
				"west": {"uv": [5, 5, 6, 6], "rotation": 270, "texture": "#1"},
				"up": {"uv": [5, 5, 6, 6], "rotation": 270, "texture": "#1"},
				"down": {"uv": [5, 5, 6, 6], "rotation": 270, "texture": "#1"}
			}
		},
		{
			"name": "hild2",
			"from": [7.15, 21, 7.15],
			"to": [8.85, 21.4, 8.85],
			"rotation": {"angle": 0, "axis": "y", "origin": [8.04, 13.11, 8.05]},
			"faces": {
				"north": {"uv": [5, 5, 6, 6], "rotation": 90, "texture": "#2"},
				"east": {"uv": [5, 5, 6, 6], "rotation": 270, "texture": "#2"},
				"south": {"uv": [8, 5, 9, 7], "rotation": 270, "texture": "#2"},
				"west": {"uv": [5, 5, 6, 6], "rotation": 270, "texture": "#2"},
				"up": {"uv": [5, 5, 6, 6], "rotation": 270, "texture": "#2"},
				"down": {"uv": [5, 5, 6, 6], "rotation": 270, "texture": "#2"}
			}
		},
		{
			"name": "hild2",
			"from": [7.25, 8.8, 7.25],
			"to": [8.75, 9.1, 8.75],
			"rotation": {"angle": 0, "axis": "y", "origin": [8.04, 13.11, 8.05]},
			"faces": {
				"north": {"uv": [5, 5, 6, 6], "rotation": 90, "texture": "#2"},
				"east": {"uv": [5, 5, 6, 6], "rotation": 270, "texture": "#2"},
				"south": {"uv": [8, 5, 9, 7], "rotation": 270, "texture": "#2"},
				"west": {"uv": [5, 5, 6, 6], "rotation": 270, "texture": "#2"},
				"up": {"uv": [5, 5, 6, 6], "rotation": 270, "texture": "#2"},
				"down": {"uv": [5, 5, 6, 6], "rotation": 270, "texture": "#2"}
			}
		}
	],
	"display": {
		"thirdperson_righthand": {
			"translation": [0, 0, 1],
			"scale": [1.5, 1.7, 1.5]
		},
		"thirdperson_lefthand": {
			"translation": [0, 0, 1],
			"scale": [1.5, 1.7, 1.5]
		},
		"firstperson_righthand": {
			"rotation": [-25, 1, -3],
			"translation": [2.25, -1.25, -2.5],
			"scale": [1.7, 1.9, 1.7]
		},
		"firstperson_lefthand": {
			"rotation": [-25, 1, -3],
			"translation": [2.25, -1.25, -2.5],
			"scale": [1.7, 1.9, 1.7]
		},
		"ground": {
			"translation": [0, 0.25, 0],
			"scale": [1.5, 1.7, 1.5]
		},
		"gui": {
			"rotation": [0, 0, 39],
			"translation": [5.25, -5.75, 0],
			"scale": [1.5, 1.5, 1.5]
		},
		"fixed": {
			"rotation": [0, 0, -40.75],
			"translation": [-12.5, -14.75, -0.75],
			"scale": [3.8, 4, 3.8]
		}
	},
	"groups": [
		0,
		{
			"name": "Bat",
			"origin": [3.2, -1.3, 8],
			"color": 0,
			"children": [1, 2, 3]
		},
		{
			"name": "tape",
			"origin": [8.04, 13.11, 8.05],
			"color": 0,
			"children": [4, 5, 6, 7, 8, 9, 10, 11, 12, 13, 14]
		},
		15,
		16
	]
}