{
    "multipart": [
		{
			"when": {
				"OR": [
					{
						"south": "none",
						"north": "none",
						"west": "none",
						"east": "none"
					},
					{
						"north": "side|up",
						"east": "side|up"
					},
					{
						"south": "side|up",
						"east": "side|up"
					},
					{
						"south": "side|up",
						"west": "side|up"
					},
					{
						"north": "side|up",
						"west": "side|up"
					}
				]
			},
			"apply": {
				"model": "minecraft:block/redstone_dust_dot_top"
			}
		},
		{
			"when": {
				"OR": [
					{
						"north": "side|up",
						"west": "side|up"
					},
					{
						"north": "side|up",
						"east": "side|up"
					}
				]
			},
			"apply": {
				"model": "minecraft:block/redstone_dust_dot_side_open"
			}
		},
		{
			"when": {
				"OR": [
					{
						"north": "side|up",
						"east": "side|up"
					},
					{
						"south": "side|up",
						"east": "side|up"
					}
				]
			},
			"apply": {
				"model": "minecraft:block/redstone_dust_dot_side_open",
				"y": 90
			}
		},
		{
			"when": {
				"OR": [
					{
						"south": "side|up",
						"east": "side|up"
					},
					{
						"south": "side|up",
						"west": "side|up"
					}
				]
			},
			"apply": {
				"model": "minecraft:block/redstone_dust_dot_side_open",
				"y": 180
			}
		},
		{
			"when": {
				"OR": [
					{
						"north": "side|up",
						"west": "side|up"
					},
					{
						"south": "side|up",
						"west": "side|up"
					}
				]
			},
			"apply": {
				"model": "minecraft:block/redstone_dust_dot_side_open",
				"y": 270
			}
		},
		{
			"when": {
				"OR": [
					{
						"north": "none",
						"west": "none"
					},
					{
						"north": "none",
						"east": "none"
					},
					{
						"north": "none",
						"west": "side|up",
						"south": "side|up",
						"east": "side|up"
					}
				]
			},
			"apply": {
				"model": "minecraft:block/redstone_dust_dot_side_blank"
			}
		},
		{
			"when": {
				"OR": [
					{
						"north": "none",
						"east": "none"
					},
					{
						"south": "none",
						"east": "none"
					},
					{
						"north": "side|up",
						"west": "side|up",
						"south": "side|up",
						"east": "none"
					}
				]
			},
			"apply": {
				"model": "minecraft:block/redstone_dust_dot_side_blank",
				"y": 90
			}
		},
		{
			"when": {
				"OR": [
					{
						"south": "none",
						"east": "none"
					},
					{
						"south": "none",
						"west": "none"
					},
					{
						"north": "side|up",
						"west": "side|up",
						"south": "none",
						"east": "side|up"
					}
				]
			},
			"apply": {
				"model": "minecraft:block/redstone_dust_dot_side_blank",
				"y": 180
			}
		},
		{
			"when": {
				"OR": [
					{
						"north": "none",
						"west": "none"
					},
					{
						"south": "none",
						"west": "none"
					},
					{
						"north": "side|up",
						"west": "none",
						"south": "side|up",
						"east": "side|up"
					}
				]
			},
			"apply": {
				"model": "minecraft:block/redstone_dust_dot_side_blank",
				"y": 270
			}
		},
		{
			"when": {
				"north": "side|up"
			},
			"apply": {
				"model": "minecraft:block/redstone_dust_side"
			}
		},
		{
			"when": {
				"east": "side|up"
			},
			"apply": {
				"model": "minecraft:block/redstone_dust_side",
				"y": 90
			}
		},
		{
			"when": {
				"south": "side|up"
			},
			"apply": {
				"model": "minecraft:block/redstone_dust_side_alt"
			}
		},
		{
			"when": {
				"west": "side|up"
			},
			"apply": {
				"model": "minecraft:block/redstone_dust_side_alt",
				"y": 90
			}
		},
        {   "when": { "north": "up" },
             "apply": [
            { "model": "block/redstone_dust_up" },
            { "model": "block/redstone_dust_up2" },
            { "model": "block/redstone_dust_up3" }
        ]
        },
        {   "when": { "east": "up" },
             "apply": [
            { "model": "block/redstone_dust_up", "y": 90 },
            { "model": "block/redstone_dust_up2", "y": 90 },
            { "model": "block/redstone_dust_up3", "y": 90 }
        ]
        },
        {   "when": { "south": "up" },
             "apply": [
            { "model": "block/redstone_dust_up", "y": 180 },
            { "model": "block/redstone_dust_up2", "y": 180 },
            { "model": "block/redstone_dust_up3", "y": 180 }
        ]
        },
        {   "when": { "west": "up" },
             "apply": [
            { "model": "block/redstone_dust_up", "y": 270 },
            { "model": "block/redstone_dust_up2", "y": 270 },
            { "model": "block/redstone_dust_up3", "y": 270 }
        ]
        }
	]
}