{
	"variants": {
		"facing=east,lit=false": {
			"model": "minecraft:block/redstone_torch_off",
			"x": 270,
			"y": 270
		},
	"facing=east,lit=true": {
			"model": "minecraft:block/redstone_torch",
			"x": 270,
			"y": 270
		},
	"facing=north,lit=false": {
			"model": "minecraft:block/redstone_torch_off",
			"x": 270,
			"y": 180
		},
	"facing=north,lit=true": {
			"model": "minecraft:block/redstone_torch",
			"x": 270,
			"y": 180
		},
	"facing=south,lit=false": {
			"model": "minecraft:block/redstone_torch_off",
			"x": 270
		},
	"facing=south,lit=true": {
			"model": "minecraft:block/redstone_torch",
			"x": 270
		},
	"facing=west,lit=false": {
			"model": "minecraft:block/redstone_torch_off",
			"x": 270,
			"y": 90
		},
	"facing=west,lit=true": {
			"model": "minecraft:block/redstone_torch",
			"x": 270,
			"y": 90
		}
	}
}